app_id,release_date,release_price,initial_list_price,discount_percent,currency,release_price_steamspy,avg_playtime,owners_min,owners_max,owners_median,review_count,positive_count,ts_min,ts_max,positive_ratio
22500,2009-02-11,6.99,6.99,0.0,USD,6.99,303,100000.0,200000.0,150000.0,,,,,
33110,2009-05-27,4.99,4.99,0.0,USD,4.99,190,200000.0,500000.0,350000.0,,,,,
18400,2008-06-20,9.99,9.99,0.0,USD,9.99,205,100000.0,200000.0,150000.0,,,,,
6800,2007-03-15,2.49,4.99,50.0,USD,2.49,343,500000.0,1000000.0,750000.0,,,,,
4720,2006-04-11,,,,,3.73,138,200000.0,500000.0,350000.0,,,,,
550,2009-11-16,9.99,9.99,0.0,USD,9.99,2483,50000000.0,100000000.0,75000000.0,,,,,
538100,2019-12-12,12.99,12.99,0.0,USD,12.99,243,100000.0,200000.0,150000.0,80.0,65.0,1576221593.0,1583553384.0,81.25
6000,2009-07-08,9.99,9.99,0.0,USD,9.99,319,1000000.0,2000000.0,1500000.0,,,,,
555950,2017-06-27,4.49,29.99,85.0,USD,4.49,1156,100000.0,200000.0,150000.0,149.0,143.0,1498592673.0,1506282185.0,95.9731543624161
30,2003-05-01,4.99,4.99,0.0,USD,4.99,1080,5000000.0,10000000.0,7500000.0,,,,,
45000,2010-03-15,,,,,0.0,277,50000.0,100000.0,75000.0,,,,,
15120,2008-04-16,2.49,9.99,75.0,USD,2.49,415,500000.0,1000000.0,750000.0,,,,,
31270,2010-07-07,0.99,4.99,80.0,USD,0.99,152,500000.0,1000000.0,750000.0,,,,,
551110,2016-11-04,0.99,1.99,50.0,USD,0.99,135,100000.0,200000.0,150000.0,45.0,40.0,1478290836.0,1485952145.0,88.88888888888889
545580,2016-10-28,4.99,4.99,0.0,USD,4.99,234,100000.0,200000.0,150000.0,11.0,4.0,1478119274.0,1484456796.0,36.36363636363637
280,2004-06-01,9.99,9.99,0.0,USD,9.99,384,2000000.0,5000000.0,3500000.0,,,,,
561600,2017-05-29,19.99,19.99,0.0,USD,19.99,1613,100000.0,200000.0,150000.0,65.0,55.0,1496138388.0,1502801585.0,84.61538461538461
557400,2017-02-01,,,,,0.0,1969,200000.0,500000.0,350000.0,165.0,141.0,1485951519.0,1488323465.0,85.45454545454545
561080,2016-12-22,1.99,1.99,0.0,USD,1.99,30,20000.0,50000.0,35000.0,32.0,31.0,1485121249.0,1488304396.0,96.875
20530,2009-08-05,9.99,9.99,0.0,USD,1.99,159,500000.0,1000000.0,750000.0,,,,,
542200,2017-02-14,9.99,9.99,0.0,USD,9.99,414,0.0,20000.0,10000.0,21.0,21.0,1487127193.0,1491967347.0,100.0
546050,2018-02-27,13.99,19.99,30.0,USD,13.99,1767,500000.0,1000000.0,750000.0,292.0,257.0,1519755809.0,1527430667.0,88.01369863013699
19830,2008-09-25,2.49,9.99,75.0,USD,2.49,560,200000.0,500000.0,350000.0,,,,,
22130,2009-01-23,14.99,14.99,0.0,USD,14.99,860,100000.0,200000.0,150000.0,,,,,
6210,2006-12-21,4.99,4.99,0.0,USD,4.99,58,50000.0,100000.0,75000.0,,,,,
582330,2022-01-20,19.99,19.99,0.0,USD,19.99,1286,20000.0,50000.0,35000.0,,,,,
556860,2017-11-09,4.99,4.99,0.0,USD,4.99,305,20000.0,50000.0,35000.0,14.0,7.0,1510202648.0,1516593649.0,50.0
2100,2006-10-25,9.99,9.99,0.0,USD,9.99,424,1000000.0,2000000.0,1500000.0,,,,,
23400,2008-11-25,9.99,9.99,0.0,USD,9.99,383,200000.0,500000.0,350000.0,,,,,
579180,2018-04-16,39.99,39.99,0.0,USD,39.99,1778,200000.0,500000.0,350000.0,190.0,131.0,1523900285.0,1531514467.0,68.94736842105263
40700,2009-10-16,19.99,19.99,0.0,USD,19.99,238,1000000.0,2000000.0,1500000.0,,,,,
565120,2018-02-19,14.99,14.99,0.0,USD,14.99,114,50000.0,100000.0,75000.0,75.0,57.0,1519129933.0,1525496950.0,76.0
1500,2005-12-01,11.99,11.99,0.0,USD,11.99,67,0.0,20000.0,10000.0,,,,,
562270,2016-12-01,5.99,5.99,0.0,USD,5.99,248,200000.0,500000.0,350000.0,4.0,2.0,1480902540.0,1484538870.0,50.0
33930,2010-06-29,19.99,19.99,0.0,USD,19.99,3805,2000000.0,5000000.0,3500000.0,,,,,
586310,2017-01-28,2.99,2.99,0.0,USD,2.99,11,20000.0,50000.0,35000.0,26.0,24.0,1485636989.0,1489789489.0,92.3076923076923
18420,2008-12-12,9.99,9.99,0.0,USD,9.99,47,50000.0,100000.0,75000.0,,,,,
39640,2010-04-20,4.99,4.99,0.0,USD,4.99,22,50000.0,100000.0,75000.0,,,,,
33770,2011-02-16,19.99,19.99,0.0,USD,19.99,679,50000.0,100000.0,75000.0,6.0,6.0,1297907973.0,1302069581.0,100.0
35700,2009-07-02,14.99,14.99,0.0,USD,14.99,303,2000000.0,5000000.0,3500000.0,,,,,
18040,2010-10-25,2.99,14.99,80.0,USD,2.99,329,100000.0,200000.0,150000.0,44.0,44.0,1288236594.0,1295123208.0,100.0
3020,2007-11-08,9.99,9.99,0.0,USD,9.99,345,500000.0,1000000.0,750000.0,,,,,
589670,2020-08-13,19.99,19.99,0.0,USD,19.99,105,20000.0,50000.0,35000.0,4.0,4.0,1597548134.0,1604025102.0,100.0
15160,2008-06-13,9.99,9.99,0.0,USD,9.99,4705,0.0,20000.0,10000.0,,,,,
546930,2017-05-15,0.99,0.99,0.0,USD,0.99,201,200000.0,500000.0,350000.0,18.0,5.0,1495021639.0,1502336079.0,27.77777777777778
587620,2017-12-12,9.99,19.99,50.0,USD,9.99,630,500000.0,1000000.0,750000.0,912.0,848.0,1513105806.0,1520781602.0,92.98245614035088
566050,2016-12-15,4.99,9.99,50.0,USD,4.99,1668,200000.0,500000.0,350000.0,51.0,47.0,1481833387.0,1488915953.0,92.15686274509804
17740,2008-07-28,,,,,0.0,501,500000.0,1000000.0,750000.0,,,,,
6850,2007-03-15,0.89,8.99,90.0,USD,0.89,199,1000000.0,2000000.0,1500000.0,,,,,
15170,2008-05-13,2.49,9.99,75.0,USD,2.49,919,500000.0,1000000.0,750000.0,,,,,
560170,2017-02-07,5.99,5.99,0.0,USD,5.99,97,50000.0,100000.0,75000.0,70.0,53.0,1486547846.0,1494184838.0,75.71428571428571
16450,2009-02-12,2.99,14.99,80.0,USD,2.99,531,500000.0,1000000.0,750000.0,,,,,
542780,2016-10-21,,,,,0.0,353,50000.0,100000.0,75000.0,,,,,
583470,2017-07-12,14.99,14.99,0.0,USD,14.99,403,100000.0,200000.0,150000.0,496.0,457.0,1499876581.0,1507428471.0,92.13709677419355
15500,2008-07-17,9.99,9.99,0.0,USD,9.99,112,100000.0,200000.0,150000.0,,,,,
17430,2008-12-19,,,,,0.0,856,1000000.0,2000000.0,1500000.0,,,,,
571310,2017-09-22,1.19,19.99,94.0,USD,1.19,310,200000.0,500000.0,350000.0,367.0,359.0,1506072549.0,1513601393.0,97.82016348773843
32400,2009-09-16,5.99,5.99,0.0,USD,5.99,65,200000.0,500000.0,350000.0,,,,,
39520,2014-09-09,9.99,9.99,0.0,USD,9.99,156,100000.0,200000.0,150000.0,9.0,6.0,1410333316.0,1412220695.0,66.66666666666666
11050,2008-08-07,0.99,9.99,90.0,USD,0.99,282,50000.0,100000.0,75000.0,,,,,
25600,2009-02-10,,,,,0.0,218,50000.0,100000.0,75000.0,,,,,
16810,2008-09-23,19.99,19.99,0.0,USD,19.99,410,500000.0,1000000.0,750000.0,,,,,
588120,2022-02-03,,,,,0.0,989,0.0,20000.0,10000.0,,,,,
567680,2017-01-17,0.99,0.99,0.0,USD,0.99,215,500000.0,1000000.0,750000.0,18.0,6.0,1484682893.0,1490206034.0,33.33333333333333
544920,2020-01-13,,,,,0.0,364,1000000.0,2000000.0,1500000.0,49.0,34.0,1579026049.0,1585893640.0,69.38775510204081
25890,2009-08-07,9.99,9.99,0.0,USD,9.99,1325,500000.0,1000000.0,750000.0,,,,,
38450,2009-09-17,14.99,14.99,0.0,USD,14.99,13,20000.0,50000.0,35000.0,,,,,
24240,2011-10-20,4.94,14.99,67.0,USD,4.94,623,2000000.0,5000000.0,3500000.0,372.0,366.0,1319135052.0,1326692516.0,98.38709677419355
23530,2011-12-14,9.99,9.99,0.0,USD,9.99,336,100000.0,200000.0,150000.0,62.0,61.0,1323922575.0,1329611977.0,98.38709677419355
1520,2006-09-29,11.99,11.99,0.0,USD,11.99,168,200000.0,500000.0,350000.0,,,,,
3730,2010-01-15,4.99,4.99,0.0,USD,4.99,130,200000.0,500000.0,350000.0,,,,,
579950,2017-04-18,,,,,0.0,339,200000.0,500000.0,350000.0,236.0,212.0,1492539993.0,1500071686.0,89.83050847457628
592030,2017-07-27,4.99,4.99,0.0,USD,4.99,59,20000.0,50000.0,35000.0,28.0,21.0,1501174055.0,1508705066.0,75.0
544310,2017-03-31,6.99,6.99,0.0,USD,6.99,311,50000.0,100000.0,75000.0,7.0,6.0,1491042608.0,1498327117.0,85.71428571428571
595740,2017-05-23,49.99,49.99,0.0,USD,49.99,373,0.0,20000.0,10000.0,37.0,31.0,1495575656.0,1502436452.0,83.78378378378379
568720,2017-06-14,4.99,4.99,0.0,USD,4.99,0,50000.0,100000.0,75000.0,4.0,2.0,1497743295.0,1500702445.0,50.0
595440,2017-02-17,1.49,29.99,95.0,USD,1.49,222,20000.0,50000.0,35000.0,12.0,12.0,1487369992.0,1491422193.0,100.0
578930,2017-11-07,4.99,4.99,0.0,USD,4.99,373,20000.0,50000.0,35000.0,26.0,26.0,1510065168.0,1517367524.0,100.0
547860,2019-03-29,,,,,0.0,4981,100000.0,200000.0,150000.0,74.0,24.0,1553896220.0,1561344776.0,32.432432432432435
37100,2009-05-07,,,,,0.0,83,50000.0,100000.0,75000.0,,,,,
17440,2008-12-19,4.99,19.99,75.0,USD,4.99,238,200000.0,500000.0,350000.0,,,,,
571740,2023-08-18,8.99,8.99,0.0,USD,8.99,756,1000000.0,2000000.0,1500000.0,,,,,
730,2012-08-21,,,,,0.0,33652,100000000.0,200000000.0,150000000.0,1557.0,1423.0,1345508447.0,1353276886.0,91.39370584457289
34810,2009-10-14,2.99,2.99,0.0,USD,2.99,20,20000.0,50000.0,35000.0,,,,,
539640,2016-10-18,,,,,0.0,14,50000.0,100000.0,75000.0,,,,,
6810,2007-03-15,2.49,4.99,50.0,USD,2.49,194,200000.0,500000.0,350000.0,,,,,
544550,2017-12-12,34.99,34.99,0.0,USD,34.99,1939,200000.0,500000.0,350000.0,604.0,516.0,1513121814.0,1520718776.0,85.43046357615894
566860,2017-04-24,19.99,19.99,0.0,USD,19.99,141,50000.0,100000.0,75000.0,25.0,24.0,1493083075.0,1500748407.0,96.0
10110,2009-07-23,6.59,19.99,67.0,USD,6.59,170,100000.0,200000.0,150000.0,,,,,
573080,2017-08-08,1.99,9.99,80.0,USD,1.99,168,20000.0,50000.0,35000.0,6.0,4.0,1502221078.0,1509317624.0,66.66666666666666
555050,2017-11-09,29.99,29.99,0.0,USD,29.99,422,0.0,20000.0,10000.0,13.0,12.0,1510278630.0,1516751999.0,92.3076923076923
13140,2009-06-17,,,,,0.0,913,1000000.0,2000000.0,1500000.0,,,,,
551860,2019-10-22,24.99,24.99,0.0,USD,24.99,491,50000.0,100000.0,75000.0,114.0,99.0,1571761357.0,1578752015.0,86.8421052631579
567060,2017-05-29,0.99,4.99,80.0,USD,0.99,146,50000.0,100000.0,75000.0,18.0,14.0,1496084250.0,1502601116.0,77.77777777777779
2300,2007-08-03,,,,,0.0,120,500000.0,1000000.0,750000.0,,,,,
21640,2009-04-07,,,,,0.0,64,20000.0,50000.0,35000.0,,,,,
4460,2008-09-29,0.99,9.99,90.0,USD,0.99,31,20000.0,50000.0,35000.0,,,,,
6010,2009-07-08,5.99,5.99,0.0,USD,5.99,288,200000.0,500000.0,350000.0,,,,,
586980,2017-02-21,,,,,0.0,372,500000.0,1000000.0,750000.0,7.0,5.0,1488241465.0,1494164891.0,71.42857142857143
10150,2009-06-10,3.99,19.99,80.0,USD,3.99,604,1000000.0,2000000.0,1500000.0,,,,,
2390,2007-08-03,,,,,4.99,221,100000.0,200000.0,150000.0,,,,,
7760,2008-09-04,4.99,4.99,0.0,USD,4.99,754,1000000.0,2000000.0,1500000.0,,,,,
541300,2017-12-21,19.99,19.99,0.0,USD,19.99,1867,100000.0,200000.0,150000.0,208.0,102.0,1513891750.0,1521415099.0,49.03846153846153
1510,2006-08-23,11.99,11.99,0.0,USD,11.99,203,500000.0,1000000.0,750000.0,,,,,
34830,2010-06-24,7.99,7.99,0.0,USD,7.99,378,1000000.0,2000000.0,1500000.0,,,,,
586030,2017-04-06,,,,,0.0,111,200000.0,500000.0,350000.0,,,,,
8310,2008-06-17,,,,,0.0,52,20000.0,50000.0,35000.0,,,,,
2640,2006-10-13,14.99,19.99,25.0,USD,14.99,302,200000.0,500000.0,350000.0,,,,,
39500,2009-12-02,19.99,19.99,0.0,USD,19.99,1263,1000000.0,2000000.0,1500000.0,,,,,
32670,2009-06-18,,,,,0.0,216,100000.0,200000.0,150000.0,,,,,
21670,2009-07-28,3.19,9.99,68.0,USD,3.19,137,200000.0,500000.0,350000.0,,,,,
35460,2010-10-26,9.99,9.99,0.0,USD,9.99,127,200000.0,500000.0,350000.0,21.0,21.0,1290746145.0,1295736534.0,100.0
39000,2010-07-06,,,,,0.0,111,1000000.0,2000000.0,1500000.0,,,,,
550840,2021-07-22,9.99,9.99,0.0,USD,9.99,397,50000.0,100000.0,75000.0,,,,,
546340,2016-11-11,0.49,4.99,90.0,USD,0.49,219,0.0,20000.0,10000.0,1.0,1.0,1478981180.0,1478981180.0,100.0
4890,2011-08-26,1.24,4.99,75.0,USD,1.24,336,100000.0,200000.0,150000.0,,,,,
23700,2009-04-27,14.99,14.99,0.0,USD,14.99,195,50000.0,100000.0,75000.0,,,,,
585840,2017-02-08,3.99,3.99,0.0,USD,3.99,47,50000.0,100000.0,75000.0,66.0,57.0,1486575833.0,1494192821.0,86.36363636363636
549860,2016-11-07,2.99,2.99,0.0,USD,2.99,160,50000.0,100000.0,75000.0,79.0,68.0,1478622530.0,1485675557.0,86.07594936708861
543180,2017-03-25,4.99,4.99,0.0,USD,4.99,1675,20000.0,50000.0,35000.0,26.0,19.0,1490475011.0,1492987248.0,73.07692307692307
20820,2010-03-15,1.99,1.99,0.0,USD,1.99,144,200000.0,500000.0,350000.0,,,,,
29800,2009-03-19,9.99,9.99,0.0,USD,9.99,224,200000.0,500000.0,350000.0,,,,,
543870,2017-08-25,9.99,19.99,50.0,USD,9.99,8714,50000.0,100000.0,75000.0,26.0,24.0,1503677688.0,1509073106.0,92.3076923076923
552450,2017-03-30,19.99,19.99,0.0,USD,19.99,87,50000.0,100000.0,75000.0,28.0,23.0,1490968546.0,1498266968.0,82.14285714285714
33980,2010-11-05,9.99,9.99,0.0,USD,9.99,84,20000.0,50000.0,35000.0,8.0,5.0,1290202507.0,1296519257.0,62.5
548340,2016-12-01,9.99,9.99,0.0,USD,9.99,151,50000.0,100000.0,75000.0,68.0,67.0,1480648258.0,1488233046.0,98.52941176470588
42120,2010-04-08,0.99,9.99,90.0,USD,9.99,222,100000.0,200000.0,150000.0,,,,,
584930,2017-05-02,9.99,9.99,0.0,USD,9.99,37,20000.0,50000.0,35000.0,41.0,38.0,1493758307.0,1499976551.0,92.6829268292683
26900,2009-05-06,19.99,19.99,0.0,USD,19.99,63,500000.0,1000000.0,750000.0,,,,,
42500,2010-06-14,0.99,0.99,0.0,USD,0.99,143,100000.0,200000.0,150000.0,,,,,
574030,2016-12-28,2.99,2.99,0.0,USD,2.99,267,0.0,20000.0,10000.0,1.0,1.0,1485318328.0,1485318328.0,100.0
549260,2017-02-02,9.99,9.99,0.0,USD,9.99,171,50000.0,100000.0,75000.0,57.0,50.0,1486062208.0,1493013705.0,87.71929824561403
1630,2006-07-06,5.99,5.99,0.0,USD,5.99,390,50000.0,100000.0,75000.0,,,,,
32390,2009-09-16,2.99,2.99,0.0,USD,2.99,75,200000.0,500000.0,350000.0,,,,,
130,2001-06-01,4.99,4.99,0.0,USD,4.99,389,1000000.0,2000000.0,1500000.0,,,,,
542720,2016-10-24,0.99,0.99,0.0,USD,0.99,297,50000.0,100000.0,75000.0,,,,,
585630,2018-08-28,,,,,0.0,0,50000.0,100000.0,75000.0,9.0,7.0,1535590707.0,1542062417.0,77.77777777777779
582160,2017-10-26,59.99,59.99,0.0,USD,59.99,2452,1000000.0,2000000.0,1500000.0,5550.0,4494.0,1509078457.0,1516751546.0,80.97297297297297
574760,2017-07-04,,,,,0.0,505,100000.0,200000.0,150000.0,330.0,204.0,1499223195.0,1506724578.0,61.81818181818181
23450,2009-03-20,2.99,14.99,80.0,USD,2.99,670,200000.0,500000.0,350000.0,,,,,
589770,2017-04-20,,,,,0.0,247,50000.0,100000.0,75000.0,4.0,4.0,1492818475.0,1495737563.0,100.0
15190,2008-05-13,3.99,9.99,60.0,USD,3.99,329,200000.0,500000.0,350000.0,,,,,
24720,2009-06-23,4.99,19.99,75.0,USD,4.99,1065,500000.0,1000000.0,750000.0,,,,,
536990,2016-12-01,,,,,0.0,172,20000.0,50000.0,35000.0,18.0,16.0,1480604004.0,1487499668.0,88.88888888888889
577670,2018-03-08,9.99,9.99,0.0,USD,9.99,244,100000.0,200000.0,150000.0,58.0,32.0,1520540558.0,1526255322.0,55.172413793103445
4920,2012-10-30,4.99,4.99,0.0,USD,4.99,1278,1000000.0,2000000.0,1500000.0,446.0,434.0,1351653255.0,1359239907.0,97.30941704035875
6510,2007-06-26,3.44,14.99,77.0,USD,3.44,420,200000.0,500000.0,350000.0,,,,,
4000,2006-11-29,4.99,9.99,50.0,USD,4.99,10292,20000000.0,50000000.0,35000000.0,,,,,
11020,2008-04-16,,,,,0.0,901,2000000.0,5000000.0,3500000.0,,,,,
572430,2018-10-25,19.99,19.99,0.0,USD,19.99,177,200000.0,500000.0,350000.0,136.0,110.0,1540484014.0,1547703915.0,80.88235294117648
593530,2017-12-11,1.99,9.99,80.0,USD,1.99,255,20000.0,50000.0,35000.0,15.0,4.0,1513035323.0,1516910739.0,26.666666666666668
45760,2014-08-07,3.89,29.99,87.0,USD,3.89,1811,500000.0,1000000.0,750000.0,375.0,298.0,1407385429.0,1415138666.0,79.46666666666667
38600,2010-09-17,14.99,14.99,0.0,USD,14.99,744,20000.0,50000.0,35000.0,1.0,1.0,1287834040.0,1287834040.0,100.0
6220,2007-02-02,1.49,7.49,80.0,USD,1.49,232,100000.0,200000.0,150000.0,,,,,
420,2007-10-10,,,,,19.99,0,5000000.0,10000000.0,7500000.0,,,,,
543460,2017-03-14,29.99,29.99,0.0,USD,29.99,476,200000.0,500000.0,350000.0,136.0,71.0,1489511696.0,1495887665.0,52.20588235294118
15710,2008-08-28,2.99,2.99,0.0,USD,2.99,204,200000.0,500000.0,350000.0,,,,,
550650,2019-06-26,,,,,0.0,2275,10000000.0,20000000.0,15000000.0,1.0,1.0,1564318079.0,1564318079.0,100.0
23490,2009-10-20,9.99,9.99,0.0,USD,9.99,406,1000000.0,2000000.0,1500000.0,,,,,
37400,2009-08-25,4.99,4.99,0.0,USD,4.99,28,200000.0,500000.0,350000.0,,,,,
585450,2018-08-31,29.99,29.99,0.0,USD,29.99,654,100000.0,200000.0,150000.0,135.0,122.0,1535740151.0,1543431376.0,90.37037037037037
34600,2009-09-17,1.19,7.99,85.0,USD,1.19,1146,100000.0,200000.0,150000.0,,,,,
582890,2020-05-22,5.99,5.99,0.0,USD,5.99,197,100000.0,200000.0,150000.0,16.0,13.0,1590329212.0,1597241273.0,81.25
1840,2012-07-10,,,,,0.0,985,1000000.0,2000000.0,1500000.0,,,,,
7770,2008-09-04,4.99,4.99,0.0,USD,4.99,26,200000.0,500000.0,350000.0,,,,,
539670,2016-10-20,14.99,14.99,0.0,USD,14.99,172,50000.0,100000.0,75000.0,30.0,25.0,1477007784.0,1484586046.0,83.33333333333334
564050,2018-04-20,14.99,14.99,0.0,USD,14.99,178,50000.0,100000.0,75000.0,42.0,38.0,1524245873.0,1531573508.0,90.47619047619048
558100,2016-12-22,,,,,0.0,664,1000000.0,2000000.0,1500000.0,258.0,242.0,1485016520.0,1488313754.0,93.7984496124031
9340,2007-09-24,3.99,19.99,80.0,USD,3.99,452,1000000.0,2000000.0,1500000.0,,,,,
588730,2017-03-28,5.99,5.99,0.0,USD,5.99,335,0.0,20000.0,10000.0,30.0,30.0,1490725774.0,1498429946.0,100.0
588030,2019-01-25,39.99,39.99,0.0,USD,39.99,3321,500000.0,1000000.0,750000.0,200.0,186.0,1548448567.0,1556058858.0,93.0
589530,2017-08-24,9.99,9.99,0.0,USD,9.99,1026,50000.0,100000.0,75000.0,31.0,27.0,1503638270.0,1509232219.0,87.09677419354838
80,2004-03-01,9.99,9.99,0.0,USD,9.99,1628,5000000.0,10000000.0,7500000.0,,,,,
594650,2019-08-27,29.99,29.99,0.0,USD,29.99,9205,10000000.0,20000000.0,15000000.0,2610.0,2062.0,1566867225.0,1574638996.0,79.00383141762453
20540,2009-04-08,3.99,19.99,80.0,USD,3.99,892,500000.0,1000000.0,750000.0,,,,,
39110,2010-02-03,2.49,4.99,50.0,USD,2.49,128,50000.0,100000.0,75000.0,,,,,
630,2010-07-19,,,,,0.0,1004,2000000.0,5000000.0,3500000.0,,,,,
578080,2017-12-21,,,,,0.0,24197,100000000.0,200000000.0,150000000.0,36553.0,18093.0,1513814530.0,1521590038.0,49.497989221130965
25990,2009-09-04,9.99,9.99,0.0,USD,9.99,145,200000.0,500000.0,350000.0,,,,,
595140,2017-04-25,5.98,19.95,70.0,USD,5.98,455,20000.0,50000.0,35000.0,215.0,204.0,1493153327.0,1500655913.0,94.88372093023256
544750,2018-10-18,59.99,59.99,0.0,USD,59.99,880,1000000.0,2000000.0,1500000.0,1392.0,1154.0,1539901471.0,1547544806.0,82.90229885057471
595430,2017-07-27,9.99,9.99,0.0,USD,9.99,248,50000.0,100000.0,75000.0,57.0,56.0,1501152395.0,1508382797.0,98.24561403508771
567670,2017-11-09,29.99,29.99,0.0,USD,29.99,85,50000.0,100000.0,75000.0,93.0,90.0,1510263674.0,1517609748.0,96.7741935483871
537520,2018-02-20,1.19,11.99,90.0,USD,1.19,114,0.0,20000.0,10000.0,29.0,15.0,1519149875.0,1525004160.0,51.724137931034484
583760,2017-01-24,1.99,39.99,95.0,USD,1.99,307,50000.0,100000.0,75000.0,76.0,74.0,1485300775.0,1492783352.0,97.36842105263158
573680,2017-10-20,,,,,0.0,62,20000.0,50000.0,35000.0,6.0,2.0,1508507964.0,1510505048.0,33.33333333333333
567130,2017-02-07,4.99,4.99,0.0,USD,4.99,111,20000.0,50000.0,35000.0,26.0,25.0,1486501812.0,1494183584.0,96.15384615384616
542260,2016-11-15,5.99,5.99,0.0,USD,5.99,432,0.0,20000.0,10000.0,20.0,19.0,1479246929.0,1486779135.0,95.0
33230,2010-03-09,19.99,19.99,0.0,USD,19.99,1117,2000000.0,5000000.0,3500000.0,,,,,
12430,2009-02-23,4.99,4.99,0.0,USD,4.99,4,0.0,20000.0,10000.0,,,,,
40720,2009-12-10,4.99,4.99,0.0,USD,4.99,62,200000.0,500000.0,350000.0,,,,,
583950,2018-11-28,,,,,0.0,2731,1000000.0,2000000.0,1500000.0,6875.0,4107.0,1543440600.0,1551135274.0,59.73818181818182
2290,2007-08-03,,,,,0.0,28,200000.0,500000.0,350000.0,,,,,
25850,2009-04-07,4.99,4.99,0.0,USD,4.99,522,50000.0,100000.0,75000.0,,,,,
560000,2017-01-09,19.99,19.99,0.0,USD,19.99,88,0.0,20000.0,10000.0,22.0,21.0,1484107390.0,1491236797.0,95.45454545454545
578330,2017-04-04,19.99,19.99,0.0,USD,19.99,882,500000.0,1000000.0,750000.0,86.0,54.0,1491329779.0,1499026990.0,62.7906976744186
589290,2020-03-05,9.99,19.99,50.0,USD,9.99,896,500000.0,1000000.0,750000.0,717.0,649.0,1583378911.0,1591114833.0,90.5160390516039
578620,2019-07-18,19.99,19.99,0.0,USD,19.99,322,200000.0,500000.0,350000.0,251.0,225.0,1563455769.0,1571175415.0,89.64143426294821
568220,2018-04-09,24.99,24.99,0.0,USD,24.99,1504,1000000.0,2000000.0,1500000.0,116.0,72.0,1523252086.0,1530914212.0,62.06896551724138
590590,2018-02-05,9.99,9.99,0.0,USD,9.99,174,50000.0,100000.0,75000.0,94.0,90.0,1517859415.0,1524006314.0,95.74468085106383
40100,2010-03-01,3.24,12.99,75.0,USD,3.24,1815,500000.0,1000000.0,750000.0,,,,,
23460,2009-02-27,0.67,3.99,83.0,USD,0.67,386,50000.0,100000.0,75000.0,,,,,
33950,2010-11-05,4.99,4.99,0.0,USD,4.99,18,50000.0,100000.0,75000.0,1.0,1.0,1294250151.0,1294250151.0,100.0
545690,2016-11-07,0.99,0.99,0.0,USD,0.99,303,50000.0,100000.0,75000.0,41.0,41.0,1478556699.0,1486229847.0,100.0
12480,2009-12-03,9.99,9.99,0.0,USD,9.99,61,20000.0,50000.0,35000.0,,,,,
11260,2008-08-18,1.99,7.99,75.0,USD,1.99,185,20000.0,50000.0,35000.0,,,,,
540020,2016-10-18,1.99,1.99,0.0,USD,1.99,213,200000.0,500000.0,350000.0,10.0,2.0,1476778663.0,1484315150.0,20.0
41800,2009-11-16,14.99,14.99,0.0,USD,14.99,396,200000.0,500000.0,350000.0,,,,,
551690,2016-11-14,,,,,0.0,11,0.0,20000.0,10000.0,35.0,28.0,1479176643.0,1485138574.0,80.0
574820,2017-05-08,1.99,1.99,0.0,USD,1.99,314,500000.0,1000000.0,750000.0,13.0,10.0,1494741372.0,1499377195.0,76.92307692307693
583740,2017-04-11,,,,,0.0,19,50000.0,100000.0,75000.0,,,,,
578900,2017-03-24,19.99,19.99,0.0,USD,19.99,354,0.0,20000.0,10000.0,18.0,17.0,1490394988.0,1497905735.0,94.44444444444444
542350,2016-12-21,,,,,0.79,241,50000.0,100000.0,75000.0,7.0,7.0,1482394395.0,1487657550.0,100.0
2710,2008-03-12,2.99,2.99,0.0,USD,2.99,980,100000.0,200000.0,150000.0,,,,,
36000,2009-08-04,3.99,3.99,0.0,USD,3.99,152,100000.0,200000.0,150000.0,,,,,
553960,2017-02-03,19.99,19.99,0.0,USD,19.99,208,20000.0,50000.0,35000.0,8.0,5.0,1486157274.0,1493409100.0,62.5
559340,2018-03-01,,,,,0.0,531,100000.0,200000.0,150000.0,24.0,12.0,1519975770.0,1527628991.0,50.0
595460,2017-02-27,0.99,0.99,0.0,USD,0.99,395,20000.0,50000.0,35000.0,35.0,26.0,1488268433.0,1495372382.0,74.28571428571429
561340,2016-12-02,2.99,2.99,0.0,USD,2.99,329,200000.0,500000.0,350000.0,1.0,1.0,1480671162.0,1480671162.0,100.0
577080,2018-01-24,2.99,2.99,0.0,USD,2.99,141,100000.0,200000.0,150000.0,21.0,12.0,1516924400.0,1523633653.0,57.14285714285714
41100,2009-10-28,,,,,0.0,189,200000.0,500000.0,350000.0,,,,,
39660,2010-06-24,9.99,9.99,0.0,USD,9.99,90,100000.0,200000.0,150000.0,,,,,
542770,2018-07-13,15.99,15.99,0.0,USD,15.99,19,20000.0,50000.0,35000.0,7.0,6.0,1531498906.0,1539177543.0,85.71428571428571
39510,2005-11-29,19.99,19.99,0.0,USD,19.99,2022,500000.0,1000000.0,750000.0,,,,,
581650,2017-01-18,,,,,0.0,13,0.0,20000.0,10000.0,9.0,7.0,1485065625.0,1487907677.0,77.77777777777779
597230,2018-01-15,0.99,0.99,0.0,USD,0.99,197,50000.0,100000.0,75000.0,15.0,15.0,1515979458.0,1523375189.0,100.0
552500,2018-03-08,1.49,29.99,95.0,USD,1.49,1908,2000000.0,5000000.0,3500000.0,5114.0,4204.0,1520467522.0,1528242104.0,82.20570981619085
550010,2016-12-19,4.99,4.99,0.0,USD,4.99,444,200000.0,500000.0,350000.0,214.0,175.0,1482204548.0,1489724527.0,81.77570093457945
15740,2010-12-20,4.99,4.99,0.0,USD,4.99,161,100000.0,200000.0,150000.0,4.0,3.0,1292927086.0,1295089796.0,75.0
585550,2017-02-20,1.99,1.99,0.0,USD,1.99,214,200000.0,500000.0,350000.0,185.0,154.0,1487611585.0,1495096570.0,83.24324324324324
569610,2016-12-20,0.99,0.99,0.0,USD,0.99,374,500000.0,1000000.0,750000.0,8.0,6.0,1482283443.0,1489176505.0,75.0
571260,2017-06-15,8.99,59.99,85.0,USD,8.99,1155,200000.0,500000.0,350000.0,115.0,98.0,1497545288.0,1504832642.0,85.21739130434783
15270,2008-05-13,,,,,1.99,206,50000.0,100000.0,75000.0,,,,,
588180,2017-02-10,,,,,0.0,29,50000.0,100000.0,75000.0,17.0,17.0,1486728505.0,1487546912.0,100.0
35450,2011-09-13,19.99,19.99,0.0,USD,19.99,1513,2000000.0,5000000.0,3500000.0,195.0,189.0,1315874154.0,1323565764.0,96.92307692307692
585690,2017-02-08,0.99,0.99,0.0,USD,0.99,290,2000000.0,5000000.0,3500000.0,11.0,9.0,1488065763.0,1494211752.0,81.81818181818183
552460,2017-04-04,19.99,19.99,0.0,USD,19.99,100,0.0,20000.0,10000.0,38.0,35.0,1491314093.0,1499032696.0,92.10526315789474
34900,2009-07-20,0.59,1.99,70.0,USD,0.59,176,500000.0,1000000.0,750000.0,,,,,
24960,2010-03-02,,,,,0.0,1971,2000000.0,5000000.0,3500000.0,,,,,
588970,2017-02-14,0.99,0.99,0.0,USD,0.99,189,50000.0,100000.0,75000.0,62.0,52.0,1487090647.0,1493966551.0,83.87096774193549
595770,2018-07-06,14.99,14.99,0.0,USD,14.99,203,50000.0,100000.0,75000.0,18.0,8.0,1531008709.0,1537621122.0,44.44444444444444
2780,2008-03-12,,,,,0.0,115,20000.0,50000.0,35000.0,,,,,
3330,2006-08-30,0.99,4.99,80.0,USD,0.99,377,500000.0,1000000.0,750000.0,,,,,
557580,2019-12-23,7.99,7.99,0.0,USD,7.99,255,100000.0,200000.0,150000.0,1.0,1.0,1578012782.0,1578012782.0,100.0
543360,2016-11-08,,,,,0.0,325,50000.0,100000.0,75000.0,2.0,0.0,1478642915.0,1482323422.0,0.0
583040,2017-02-17,9.99,9.99,0.0,USD,9.99,140,50000.0,100000.0,75000.0,20.0,15.0,1487436179.0,1491905599.0,75.0
590720,2017-12-01,,,,,0.0,141,20000.0,50000.0,35000.0,21.0,18.0,1512149234.0,1517982619.0,85.71428571428571
11240,2008-10-23,4.99,4.99,0.0,USD,4.99,229,100000.0,200000.0,150000.0,,,,,
596240,2018-04-27,14.99,14.99,0.0,USD,14.99,102,0.0,20000.0,10000.0,20.0,9.0,1524821066.0,1532106403.0,45.0
2990,2006-12-21,1.99,9.99,80.0,USD,1.99,400,500000.0,1000000.0,750000.0,,,,,
13560,2008-04-01,9.99,9.99,0.0,USD,9.99,301,500000.0,1000000.0,750000.0,,,,,
32770,2009-09-29,19.99,19.99,0.0,USD,19.99,77,20000.0,50000.0,35000.0,,,,,
46260,2010-03-02,4.99,4.99,0.0,USD,4.99,281,100000.0,200000.0,150000.0,,,,,
46360,2010-07-09,4.99,4.99,0.0,USD,4.99,25,20000.0,50000.0,35000.0,,,,,
50,1999-11-01,4.99,4.99,0.0,USD,4.99,491,2000000.0,5000000.0,3500000.0,,,,,
11150,2009-08-06,0.99,9.99,90.0,USD,0.99,134,100000.0,200000.0,150000.0,,,,,
546400,2017-02-20,0.49,4.99,90.0,USD,0.49,204,20000.0,50000.0,35000.0,6.0,2.0,1491492705.0,1494787148.0,33.33333333333333
557810,2016-12-16,,,,,0.0,241,200000.0,500000.0,350000.0,20.0,8.0,1485027058.0,1488313584.0,40.0
6550,2007-06-12,,,,,0.0,175,200000.0,500000.0,350000.0,,,,,
577740,2017-01-13,4.99,4.99,0.0,USD,4.99,171,50000.0,100000.0,75000.0,8.0,4.0,1484442878.0,1491757609.0,50.0
551170,2018-04-18,,,,,0.0,7144,500000.0,1000000.0,750000.0,23.0,18.0,1524065885.0,1531445263.0,78.26086956521739
18300,2008-10-20,4.99,4.99,0.0,USD,4.99,229,200000.0,500000.0,350000.0,,,,,
2800,2006-07-21,4.99,4.99,0.0,USD,4.99,215,200000.0,500000.0,350000.0,,,,,
563120,2017-07-21,1.99,1.99,0.0,USD,1.99,247,500000.0,1000000.0,750000.0,5.0,1.0,1501023153.0,1507706307.0,20.0
538070,2017-03-09,8.99,8.99,0.0,USD,8.99,246,100000.0,200000.0,150000.0,28.0,26.0,1489100851.0,1496754474.0,92.85714285714286
41740,2011-04-21,9.99,9.99,0.0,USD,9.99,78,0.0,20000.0,10000.0,4.0,4.0,1303582615.0,1304070326.0,100.0
8930,2010-09-21,29.99,29.99,0.0,USD,29.99,8447,10000000.0,20000000.0,15000000.0,,,,,
45700,2009-12-22,,,,,0.0,778,200000.0,500000.0,350000.0,,,,,
587860,2017-03-15,,,,,0.0,91,500000.0,1000000.0,750000.0,16.0,15.0,1489670505.0,1497148816.0,93.75
597700,2017-05-12,9.99,9.99,0.0,USD,9.99,155,50000.0,100000.0,75000.0,32.0,32.0,1494578827.0,1500807437.0,100.0
589780,2018-01-22,14.99,14.99,0.0,USD,14.99,226,200000.0,500000.0,350000.0,329.0,295.0,1516647778.0,1524326828.0,89.66565349544074
22200,2009-04-21,9.99,9.99,0.0,USD,9.99,187,200000.0,500000.0,350000.0,,,,,
7210,2007-03-14,0.74,4.99,85.0,USD,0.74,165,100000.0,200000.0,150000.0,,,,,
587430,2017-04-25,24.99,24.99,0.0,USD,24.99,209,200000.0,500000.0,350000.0,48.0,44.0,1493133795.0,1500616453.0,91.66666666666666
559100,2018-08-14,3.99,39.99,90.0,USD,39.99,662,200000.0,500000.0,350000.0,611.0,443.0,1534270659.0,1541972524.0,72.50409165302783
40930,2010-04-20,4.99,4.99,0.0,USD,4.99,67,100000.0,200000.0,150000.0,,,,,
6840,2007-03-15,2.49,4.99,50.0,USD,2.49,166,500000.0,1000000.0,750000.0,,,,,
556280,2016-11-18,1.49,29.99,95.0,USD,1.49,233,100000.0,200000.0,150000.0,11.0,8.0,1479753319.0,1485942988.0,72.72727272727273
27920,2010-04-23,1.99,1.99,0.0,USD,1.99,317,100000.0,200000.0,150000.0,,,,,
37010,2009-11-19,,,,,0.0,133,20000.0,50000.0,35000.0,,,,,
556820,2017-09-15,,,,,0.0,423,100000.0,200000.0,150000.0,49.0,35.0,1505448900.0,1512949993.0,71.42857142857143
582500,2017-02-03,,,,,0.0,126,1000000.0,2000000.0,1500000.0,864.0,785.0,1486143320.0,1488317881.0,90.85648148148148
568440,2017-01-13,,,,,0.0,314,20000.0,50000.0,35000.0,8.0,8.0,1484438337.0,1490076576.0,100.0
587580,2017-05-04,9.99,9.99,0.0,USD,9.99,32,20000.0,50000.0,35000.0,27.0,25.0,1493904227.0,1501308309.0,92.5925925925926
7660,2008-09-04,4.99,4.99,0.0,USD,4.99,371,200000.0,500000.0,350000.0,,,,,
566090,2018-09-18,,,,,0.0,236,50000.0,100000.0,75000.0,388.0,253.0,1537285838.0,1544860507.0,65.20618556701031
595520,2018-02-01,19.99,49.99,60.0,USD,19.99,2088,1000000.0,2000000.0,1500000.0,665.0,584.0,1517506844.0,1524519658.0,87.81954887218045
552080,2022-04-12,19.99,19.99,0.0,USD,19.99,93,20000.0,50000.0,35000.0,,,,,
42890,2010-06-04,9.99,9.99,0.0,USD,9.99,1865,50000.0,100000.0,75000.0,,,,,
587100,2017-08-30,24.99,24.99,0.0,USD,24.99,782,20000.0,50000.0,35000.0,66.0,58.0,1504114995.0,1511681158.0,87.87878787878788
581320,2018-12-12,8.99,29.99,70.0,USD,8.99,2559,2000000.0,5000000.0,3500000.0,9039.0,7387.0,1544634070.0,1552348223.0,81.72364199579599
589200,2017-03-09,9.99,9.99,0.0,USD,9.99,126,20000.0,50000.0,35000.0,32.0,32.0,1489092263.0,1495496456.0,100.0
575600,2017-05-08,19.99,19.99,0.0,USD,19.99,65,0.0,20000.0,10000.0,9.0,4.0,1494217157.0,1500991608.0,44.44444444444444
11140,2009-08-06,0.99,9.99,90.0,USD,0.99,219,200000.0,500000.0,350000.0,,,,,
46340,2010-07-09,4.99,4.99,0.0,USD,4.99,70,50000.0,100000.0,75000.0,,,,,
15560,2011-11-23,9.99,9.99,0.0,USD,9.99,44,200000.0,500000.0,350000.0,68.0,68.0,1322076369.0,1329514402.0,100.0
542050,2018-05-15,19.99,19.99,0.0,USD,19.99,313,100000.0,200000.0,150000.0,103.0,97.0,1526418548.0,1534112739.0,94.1747572815534
587000,2017-05-30,11.99,11.99,0.0,USD,11.99,308,20000.0,50000.0,35000.0,74.0,61.0,1496235301.0,1502207743.0,82.43243243243244
579820,2017-02-09,19.99,19.99,0.0,USD,19.99,18,50000.0,100000.0,75000.0,11.0,7.0,1486662782.0,1487807029.0,63.63636363636363
545410,2017-02-22,0.99,0.99,0.0,USD,0.99,219,50000.0,100000.0,75000.0,10.0,9.0,1487793785.0,1494017279.0,90.0
590690,2018-02-08,4.49,29.99,85.0,USD,4.49,93,20000.0,50000.0,35000.0,275.0,253.0,1518114851.0,1525679630.0,92.0
1610,2006-02-07,9.99,9.99,0.0,USD,9.99,2319,50000.0,100000.0,75000.0,,,,,
562570,2016-12-16,2.99,2.99,0.0,USD,2.99,174,20000.0,50000.0,35000.0,18.0,15.0,1482012342.0,1489522345.0,83.33333333333334
557260,2017-01-16,0.49,4.99,90.0,USD,0.49,258,200000.0,500000.0,350000.0,9.0,2.0,1484626889.0,1490816591.0,22.22222222222222
585880,2017-02-06,,,,,0.0,46,20000.0,50000.0,35000.0,15.0,15.0,1486422469.0,1488125474.0,100.0
544610,2017-08-31,,,,,39.99,1164,200000.0,500000.0,350000.0,307.0,247.0,1504190632.0,1511875104.0,80.45602605863192
7600,2007-05-04,9.99,9.99,0.0,USD,9.99,214,500000.0,1000000.0,750000.0,,,,,
559900,2016-12-20,8.99,8.99,0.0,USD,8.99,0,20000.0,50000.0,35000.0,8.0,3.0,1483360757.0,1487465291.0,37.5
553660,2018-04-06,,,,,0.0,75,100000.0,200000.0,150000.0,2.0,1.0,1523572834.0,1523762547.0,50.0
25800,2009-02-04,14.99,14.99,0.0,USD,14.99,941,200000.0,500000.0,350000.0,,,,,
592260,2017-02-26,14.99,14.99,0.0,USD,14.99,2398,100000.0,200000.0,150000.0,66.0,61.0,1488142991.0,1495646600.0,92.42424242424242
24670,2011-06-08,9.99,9.99,0.0,USD,9.99,2555,200000.0,500000.0,350000.0,2.0,2.0,1307917087.0,1309655452.0,100.0
566540,2018-09-18,49.99,49.99,0.0,USD,49.99,1813,50000.0,100000.0,75000.0,66.0,60.0,1537316065.0,1543951814.0,90.9090909090909
559330,2019-01-22,2.99,14.99,80.0,USD,2.99,46,20000.0,50000.0,35000.0,140.0,134.0,1548184558.0,1555818603.0,95.71428571428572
38460,2009-09-17,14.99,14.99,0.0,USD,14.99,334,50000.0,100000.0,75000.0,,,,,
546430,2019-04-11,15.99,15.99,0.0,USD,15.99,302,100000.0,200000.0,150000.0,455.0,284.0,1554981872.0,1562487589.0,62.417582417582416
9350,2011-09-28,2.59,12.99,80.0,USD,2.59,773,1000000.0,2000000.0,1500000.0,6.0,6.0,1318348385.0,1322742614.0,100.0
3130,2009-11-01,4.99,4.99,0.0,USD,4.99,983,100000.0,200000.0,150000.0,,,,,
585890,2017-02-06,5.99,5.99,0.0,USD,5.99,46,0.0,20000.0,10000.0,75.0,73.0,1486429464.0,1493806775.0,97.33333333333334
561740,2017-05-25,14.99,14.99,0.0,USD,14.99,109,0.0,20000.0,10000.0,74.0,65.0,1495750606.0,1502855364.0,87.83783783783784
595420,2017-10-06,19.99,19.99,0.0,USD,19.99,13852,0.0,20000.0,10000.0,55.0,37.0,1507327463.0,1514736144.0,67.27272727272727
538680,2017-08-02,39.99,39.99,0.0,USD,39.99,2299,200000.0,500000.0,350000.0,452.0,435.0,1501693566.0,1509359313.0,96.23893805309734
6120,2010-10-25,9.99,9.99,0.0,USD,9.99,218,200000.0,500000.0,350000.0,32.0,32.0,1288099620.0,1295735029.0,100.0
6300,2007-01-12,19.99,19.99,0.0,USD,19.99,534,200000.0,500000.0,350000.0,,,,,
32360,2009-07-15,9.99,9.99,0.0,USD,9.99,319,500000.0,1000000.0,750000.0,,,,,
585860,2017-06-07,,,,,0.0,219,100000.0,200000.0,150000.0,4.0,0.0,1496908339.0,1498538790.0,0.0
3900,2006-10-25,19.99,19.99,0.0,USD,19.99,679,1000000.0,2000000.0,1500000.0,,,,,
588110,2017-04-28,11.99,11.99,0.0,USD,11.99,304,0.0,20000.0,10000.0,26.0,17.0,1493389594.0,1501032178.0,65.38461538461539
8000,2007-06-05,8.99,8.99,0.0,USD,8.99,381,500000.0,1000000.0,750000.0,,,,,
2500,2006-05-08,6.99,6.99,0.0,USD,6.99,175,200000.0,500000.0,350000.0,,,,,
591420,2017-02-20,1.99,1.99,0.0,USD,1.99,848,200000.0,500000.0,350000.0,186.0,164.0,1487597763.0,1495262085.0,88.17204301075269
27900,2009-09-16,4.99,4.99,0.0,USD,4.99,137,50000.0,100000.0,75000.0,,,,,
7110,2007-02-27,3.74,14.99,75.0,USD,3.74,409,200000.0,500000.0,350000.0,,,,,
537110,2016-12-19,9.99,9.99,0.0,USD,9.99,242,100000.0,200000.0,150000.0,97.0,92.0,1482276602.0,1489735985.0,94.84536082474226
37600,2009-09-25,2.99,2.99,0.0,USD,2.99,65,50000.0,100000.0,75000.0,,,,,
8890,2009-05-29,4.99,4.99,0.0,USD,4.99,226,100000.0,200000.0,150000.0,,,,,
32370,2009-09-05,9.99,9.99,0.0,USD,9.99,918,2000000.0,5000000.0,3500000.0,,,,,
572520,2017-02-15,,,,,0.0,204,200000.0,500000.0,350000.0,59.0,47.0,1487173484.0,1492717346.0,79.66101694915254
19000,2008-11-06,7.99,39.99,80.0,USD,7.99,254,200000.0,500000.0,350000.0,,,,,
32440,2009-11-12,19.99,19.99,0.0,USD,19.99,687,1000000.0,2000000.0,1500000.0,,,,,
568930,2017-09-13,11.99,11.99,0.0,USD,11.99,156,100000.0,200000.0,150000.0,47.0,36.0,1505318903.0,1512945236.0,76.59574468085107
582620,2017-02-15,4.99,4.99,0.0,USD,4.99,172,20000.0,50000.0,35000.0,11.0,8.0,1487185171.0,1494276881.0,72.72727272727273
2810,2006-07-21,9.99,9.99,0.0,USD,9.99,4464,500000.0,1000000.0,750000.0,,,,,
22350,2011-05-09,,,,,0.0,394,500000.0,1000000.0,750000.0,149.0,110.0,1304916816.0,1312653946.0,73.8255033557047
571530,2017-06-12,19.99,19.99,0.0,USD,19.99,575,50000.0,100000.0,75000.0,81.0,78.0,1497293388.0,1504499988.0,96.29629629629629
33100,2009-05-27,4.99,4.99,0.0,USD,4.99,318,500000.0,1000000.0,750000.0,,,,,
577690,2017-03-01,9.99,9.99,0.0,USD,9.99,538,100000.0,200000.0,150000.0,79.0,71.0,1488399670.0,1495311072.0,89.87341772151899
557880,2017-01-03,,,,,0.0,79,20000.0,50000.0,35000.0,4.0,1.0,1485094665.0,1486186283.0,25.0
4700,2006-11-15,6.24,24.99,75.0,USD,6.24,5019,1000000.0,2000000.0,1500000.0,,,,,
552880,2019-02-14,11.99,11.99,0.0,USD,11.99,63,0.0,20000.0,10000.0,28.0,25.0,1550241749.0,1557575812.0,89.28571428571429
573130,2017-07-19,16.99,16.99,0.0,USD,16.99,166,20000.0,50000.0,35000.0,37.0,34.0,1500494969.0,1508066331.0,91.8918918918919
46410,2010-03-17,4.99,4.99,0.0,USD,4.99,34,100000.0,200000.0,150000.0,,,,,
16730,2008-12-01,0.71,5.99,88.0,USD,0.71,77,200000.0,500000.0,350000.0,,,,,
574080,2018-06-18,8.99,8.99,0.0,USD,8.99,454,20000.0,50000.0,35000.0,11.0,3.0,1529716928.0,1535682254.0,27.27272727272727
7020,2007-03-29,9.99,9.99,0.0,USD,9.99,194,50000.0,100000.0,75000.0,,,,,
40,2001-06-01,4.99,4.99,0.0,USD,4.99,230,5000000.0,10000000.0,7500000.0,,,,,
15200,2008-06-13,2.49,9.99,75.0,USD,2.49,422,100000.0,200000.0,150000.0,,,,,
43100,2009-10-30,9.99,9.99,0.0,USD,9.99,257,50000.0,100000.0,75000.0,,,,,
33120,2009-05-27,4.99,4.99,0.0,USD,4.99,348,200000.0,500000.0,350000.0,,,,,
70,1998-11-19,9.99,9.99,0.0,USD,9.99,574,10000000.0,20000000.0,15000000.0,,,,,
32460,2010-07-07,9.99,9.99,0.0,USD,9.99,341,200000.0,500000.0,350000.0,,,,,
1300,2006-05-10,9.99,9.99,0.0,USD,1.99,116,100000.0,200000.0,150000.0,,,,,
557040,2016-12-22,12.99,12.99,0.0,USD,12.99,265,50000.0,100000.0,75000.0,9.0,5.0,1482603924.0,1488755519.0,55.55555555555556
550080,2017-06-20,29.99,29.99,0.0,USD,29.99,303,20000.0,50000.0,35000.0,169.0,150.0,1497982848.0,1504732383.0,88.75739644970415
3990,2007-04-06,4.99,4.99,0.0,USD,4.99,688,500000.0,1000000.0,750000.0,,,,,
584990,2018-03-14,14.99,14.99,0.0,USD,14.99,159,50000.0,100000.0,75000.0,19.0,16.0,1521053143.0,1527785077.0,84.21052631578947
33990,2010-11-05,12.99,12.99,0.0,USD,12.99,69,50000.0,100000.0,75000.0,1.0,0.0,1294872800.0,1294872800.0,0.0
569860,2017-03-30,19.99,19.99,0.0,USD,19.99,472,500000.0,1000000.0,750000.0,474.0,448.0,1490891244.0,1498601397.0,94.51476793248945
2600,2007-03-22,9.99,19.99,50.0,USD,9.99,778,500000.0,1000000.0,750000.0,,,,,
555880,2018-02-06,29.99,29.99,0.0,USD,29.99,119,100000.0,200000.0,150000.0,75.0,60.0,1517966925.0,1525453107.0,80.0
4900,2006-12-14,,,,,0.0,67,20000.0,50000.0,35000.0,,,,,
581220,2017-03-24,4.19,6.99,40.0,USD,4.19,110,0.0,20000.0,10000.0,23.0,12.0,1490381633.0,1498022907.0,52.17391304347826
4580,2007-08-07,,,,,0.0,1028,1000000.0,2000000.0,1500000.0,,,,,
32750,2009-06-18,9.99,9.99,0.0,USD,9.99,265,50000.0,100000.0,75000.0,,,,,
559650,2020-10-22,19.99,19.99,0.0,USD,19.99,451,1000000.0,2000000.0,1500000.0,322.0,308.0,1603384487.0,1611085587.0,95.65217391304348
33570,2010-11-18,4.99,4.99,0.0,USD,4.99,933,100000.0,200000.0,150000.0,,,,,
580200,2017-07-17,24.99,24.99,0.0,USD,24.99,222,200000.0,500000.0,350000.0,423.0,328.0,1500361386.0,1508008980.0,77.54137115839244
559260,2019-08-28,3.74,14.99,75.0,USD,3.74,205,0.0,20000.0,10000.0,12.0,5.0,1567082919.0,1574632598.0,41.66666666666667
1200,2006-03-14,4.99,4.99,0.0,USD,4.99,648,500000.0,1000000.0,750000.0,,,,,
562360,2016-12-13,0.49,4.99,90.0,USD,0.49,311,200000.0,500000.0,350000.0,16.0,15.0,1481652722.0,1489128717.0,93.75
33650,2010-05-28,4.99,4.99,0.0,USD,4.99,423,50000.0,100000.0,75000.0,,,,,
15080,2008-06-13,2.49,9.99,75.0,USD,2.49,95,100000.0,200000.0,150000.0,,,,,
575950,2017-07-19,0.99,0.99,0.0,USD,0.99,125,100000.0,200000.0,150000.0,7.0,3.0,1500524312.0,1508036724.0,42.857142857142854
